市场,结构TOPSIS价值指数,2026成交价,总GDP,人口规模
美国,0.719637009938572,945.0,29180,340.0
英国,0.652136052481109,188.69916387545555,3640,69.1
巴西,0.6432513843439491,110.0,2170,212.0
德国,0.5750655536846881,144.69685618587047,4680,84.6
日本,0.5620726299969998,200.0,4200,124.0
韩国,0.4267138736989293,125.0,1870,51.7
越南,0.41263209041653065,15.0,475,101.0
澳大利亚,0.22336089639714526,15.0,1830,27.0
中国香港,0.21660980987724276,25.0,400,7.5
